{
    "jsd_nb_A_score": 0.05650251432408969,
    "jsd_nb_W_score": 0.261855229840498,
    "jsd_nb_implicit_W_score": 0.046766980874122094,
    "jsd_nb_dup_A_score": 0.05567049572262217,
    "jsd_nb_dup_W_score": 0.07905700834075081,
    "jsd_nb_A_prefix_score": 0.19625889899107204,
    "jsd_nb_W_prefix_score": 0.4427811718404745,
    "jsd_max_A_prefix_score": 0.009177609145997708,
    "jsd_avg_A_prefix_score": 0.10556885990206608,
    "jsd_max_A_AS_score": 0.10208352195570078,
    "jsd_avg_A_AS_score": 0.08265007818677739,
    "jsd_nb_orign_change_score": 0.1018472700951349,
    "jsd_nb_new_A_score": 0.22741794680682706,
    "jsd_nb_new_A_afterW_score": 0.05559687267892718,
    "jsd_max_path_len_score": 0.01841014793586042,
    "jsd_avg_editdist_score": 0.0077728820990715505,
    "jsd_editdist_7_score": 0.0818450069831039,
    "jsd_editdist_8_score": 0.08730636822697678,
    "jsd_editdist_9_score": 0.11764873671727635,
    "jsd_editdist_10_score": 0.16587377450632562,
    "jsd_editdist_11_score": 0.20767792475213256,
    "jsd_editdist_12_score": 0.21644985972991376,
    "jsd_editdist_13_score": 0.25331891175813137,
    "jsd_editdist_14_score": 0.27410876704568937,
    "jsd_editdist_15_score": 0.3384665087143714,
    "jsd_editdist_16_score": 0.3767342833024044,
    "jsd_editdist_17_score": 0.41857046999142217,
    "jsd_nb_tolonger_score": 0.07656423774387809,
    "jsd_nb_toshorter_score": 0.043505418031983926,
    "jsd_avg_interarrival_score": 0.000172138578930505,
    "jsd_nb_A_hijacker_score": 0.25140448972166907,
    "jsd_nb_implicit_W_hijacker_score": 0.28516102230224544,
    "jsd_nb_dup_A_hijacker_score": 0.28675533528294483,
    "jsd_nb_A_prefix_hijacker_score": 0.2756934374883102,
    "jsd_max_A_prefix_hijacker_score": 0.3057242589447258,
    "jsd_avg_A_prefix_hijacker_score": 0.30428910415801114,
    "jsd_nb_orign_change_hijacker_score": 0.2219562854299983,
    "jsd_nb_new_A_hijacker_score": 0.24551741562461815,
    "jsd_nb_new_A_afterW_hijacker_score": 0.0,
    "jsd_max_path_len_hijacker_score": 0.26595075049305295,
    "jsd_avg_path_len_hijacker_score": 0.2788876558569343,
    "jsd_max_editdist_hijacker_score": 0.27940585193821926,
    "jsd_avg_editdist_hijacker_score": 0.2840781624815679,
    "jsd_editdist_7_hijacker_score": 0.12284188990344964,
    "jsd_editdist_8_hijacker_score": 0.10940921394130258,
    "jsd_editdist_9_hijacker_score": 0.1127597921990864,
    "jsd_editdist_10_hijacker_score": 0.10006188853447362,
    "jsd_editdist_11_hijacker_score": 0.08121126955013283,
    "jsd_editdist_12_hijacker_score": 0.0695996184061792,
    "jsd_editdist_13_hijacker_score": 0.04901419937421505,
    "jsd_editdist_14_hijacker_score": 0.02132215575046287,
    "jsd_editdist_15_hijacker_score": 0.03796723286372407,
    "jsd_editdist_16_hijacker_score": 0.006256751591077865,
    "jsd_editdist_17_hijacker_score": 0.00485321869808409,
    "jsd_nb_tolonger_hijacker_score": 0.3214535182654952,
    "jsd_nb_toshorter_hijacker_score": 0.2848421931251017,
    "jsd_avg_interarrival_hijacker_score": 0.000172138578930505,
    "jsd_eigenvector_score": 1.424799905838244e-05,
    "jsd_pagerank_score": 2.32558211815218e-08,
    "jsd_clustering_score": 0.0008050069387259456,
    "jsd_triangles_score": 0.0006548254493490094,
    "jsd_degree_score": 4.0554466352145525e-05,
    "jsd_degree_centrality_score": 2.824671816808365e-07,
    "jsd_average_neighbor_degree_score": 0.00469856233626273,
    "jsd_node_clique_number_score": 6.369525219174877e-06,
    "jsd_number_of_cliques_score": 0.0003301969799082933,
    "jsd_nb_of_nodes_score": 0.0016164802092815352,
    "jsd_nb_of_edges_score": 0.0016164802092815352,
    "jsd_diameter_score": 0.00015351738094037033,
    "jsd_assortativity_score": 0.0011963761585958364,
    "jsd_percolation_limit_score": 6.236499282885725e-08
}