{
    "jsd_nb_A_score": 0.05674627059931533,
    "jsd_nb_W_score": 0.2641061959031199,
    "jsd_nb_implicit_W_score": 0.04727722253759074,
    "jsd_nb_dup_A_score": 0.05495940911997142,
    "jsd_nb_dup_W_score": 0.0788987998561907,
    "jsd_nb_A_prefix_score": 0.19723210612497705,
    "jsd_nb_W_prefix_score": 0.4453652157737878,
    "jsd_max_A_prefix_score": 0.010134680325958824,
    "jsd_avg_A_prefix_score": 0.1059056279029774,
    "jsd_max_A_AS_score": 0.10148889457925525,
    "jsd_avg_A_AS_score": 0.08228783849160681,
    "jsd_nb_orign_change_score": 0.10060527127778353,
    "jsd_nb_new_A_score": 0.22710827721449545,
    "jsd_nb_new_A_afterW_score": 0.056073327619066325,
    "jsd_max_path_len_score": 0.018744598211454362,
    "jsd_avg_editdist_score": 0.007993422236195688,
    "jsd_editdist_7_score": 0.07970137018077623,
    "jsd_editdist_8_score": 0.08496499089123608,
    "jsd_editdist_9_score": 0.1181150500147707,
    "jsd_editdist_10_score": 0.16251263026092191,
    "jsd_editdist_11_score": 0.20844495675822955,
    "jsd_editdist_12_score": 0.21966644316578218,
    "jsd_editdist_13_score": 0.2544544917287727,
    "jsd_editdist_14_score": 0.2764274255178423,
    "jsd_editdist_15_score": 0.3394963548528283,
    "jsd_editdist_16_score": 0.37885647750452495,
    "jsd_editdist_17_score": 0.4167418650949681,
    "jsd_nb_tolonger_score": 0.07696479581863107,
    "jsd_nb_toshorter_score": 0.04430102212890958,
    "jsd_avg_interarrival_score": 0.00013728690808120168,
    "jsd_nb_A_hijacker_score": 0.34425295929462035,
    "jsd_nb_implicit_W_hijacker_score": 0.3553591460103108,
    "jsd_nb_dup_A_hijacker_score": 0.36117733147316816,
    "jsd_nb_A_prefix_hijacker_score": 0.32990857298800813,
    "jsd_max_A_prefix_hijacker_score": 0.3459799315244658,
    "jsd_avg_A_prefix_hijacker_score": 0.3418996352477636,
    "jsd_nb_orign_change_hijacker_score": 0.21431363927910901,
    "jsd_nb_new_A_hijacker_score": 0.3534314578546174,
    "jsd_nb_new_A_afterW_hijacker_score": 0.0,
    "jsd_max_path_len_hijacker_score": 0.31432828911693517,
    "jsd_avg_path_len_hijacker_score": 0.32031030321701726,
    "jsd_max_editdist_hijacker_score": 0.32439083970715293,
    "jsd_avg_editdist_hijacker_score": 0.3176842793710276,
    "jsd_editdist_7_hijacker_score": 0.10200073248011882,
    "jsd_editdist_8_hijacker_score": 0.08468563393045135,
    "jsd_editdist_9_hijacker_score": 0.08814769247401842,
    "jsd_editdist_10_hijacker_score": 0.07694800504045558,
    "jsd_editdist_11_hijacker_score": 0.06620545646371954,
    "jsd_editdist_12_hijacker_score": 0.05828664805850626,
    "jsd_editdist_13_hijacker_score": 0.04069324935537872,
    "jsd_editdist_14_hijacker_score": 0.017092922098224887,
    "jsd_editdist_15_hijacker_score": 0.03083751261965553,
    "jsd_editdist_16_hijacker_score": 0.0068511202008010984,
    "jsd_editdist_17_hijacker_score": 0.003583178957546467,
    "jsd_nb_tolonger_hijacker_score": 0.3575741811280358,
    "jsd_nb_toshorter_hijacker_score": 0.3545101903650999,
    "jsd_avg_interarrival_hijacker_score": 0.00013728690808120168,
    "jsd_eigenvector_score": 1.3999979878507257e-05,
    "jsd_pagerank_score": 2.0887899209303227e-08,
    "jsd_clustering_score": 0.0008184194060926828,
    "jsd_triangles_score": 0.000637109362832078,
    "jsd_degree_score": 3.941654132553329e-05,
    "jsd_degree_centrality_score": 2.531256817894881e-07,
    "jsd_average_neighbor_degree_score": 0.0047230017501100644,
    "jsd_node_clique_number_score": 6.265174104738113e-06,
    "jsd_number_of_cliques_score": 0.0003221853680864574,
    "jsd_nb_of_nodes_score": 0.0015899128504501313,
    "jsd_nb_of_edges_score": 0.0015899128504501313,
    "jsd_diameter_score": 0.00014748158029986034,
    "jsd_assortativity_score": 0.001199801686630836,
    "jsd_percolation_limit_score": 5.733859357220504e-08
}